{
  "metrics": {
    "als": {
      "recall@10": 0.008115873015873017,
      "precision@10": 0.006200000000000004,
      "ndcg@10": 0.007552357002170084,
      "map@10": 0.002679312169312169,
      "coverage@10": 0.011123809523809524,
      "p50_latency_ms": 0.0,
      "p95_latency_ms": 7.045793533325191,
      "p99_latency_ms": 12.725863456726072
    },
    "bpr": {
      "recall@10": 0.0019666666666666665,
      "precision@10": 0.0014,
      "ndcg@10": 0.0016732073775824296,
      "map@10": 0.0005466666666666667,
      "coverage@10": 0.04585578231292517,
      "p50_latency_ms": 0.0,
      "p95_latency_ms": 8.547806739807115,
      "p99_latency_ms": 12.622189521789526
    },
    "popularity": {
      "recall@10": 0.011341269841269841,
      "precision@10": 0.004800000000000001,
      "ndcg@10": 0.010377953082360175,
      "map@10": 0.005834867724867726,
      "coverage@10": 0.0001741496598639456,
      "p50_latency_ms": 0.0,
      "p95_latency_ms": 0.0,
      "p99_latency_ms": 1.2330675125121995
    },
    "hybrid_mmr": {
      "recall@10": 0.00820793650793651,
      "precision@10": 0.006200000000000003,
      "ndcg@10": 0.007986689907205935,
      "map@10": 0.003082019400352733,
      "coverage@10": 0.013104761904761906,
      "p50_latency_ms": 404.7532081604004,
      "p95_latency_ms": 487.6615285873413,
      "p99_latency_ms": 1041.9770979881287
    }
  }
}