{
  "metrics": {
    "cold": {
      "als": {
        "recall@10": 0.02142857142857143,
        "precision@10": 0.005714285714285714,
        "ndcg@10": 0.014336103467965145,
        "map@10": 0.007142857142857143,
        "coverage@10": 0.0028408163265306124,
        "p50_latency_ms": 1.0533332824707031,
        "p95_latency_ms": 5.733799934387207,
        "p99_latency_ms": 6.061081886291502
      },
      "bpr": {
        "recall@10": 0.002857142857142857,
        "precision@10": 0.002857142857142857,
        "ndcg@10": 0.002432660504046314,
        "map@10": 0.0005714285714285715,
        "coverage@10": 0.0037224489795918366,
        "p50_latency_ms": 1.085519790649414,
        "p95_latency_ms": 2.968907356262204,
        "p99_latency_ms": 5.86827278137206
      },
      "popularity": {
        "recall@10": 0.014285714285714285,
        "precision@10": 0.002857142857142857,
        "ndcg@10": 0.011052937349558332,
        "map@10": 0.007142857142857143,
        "coverage@10": 0.00011972789115646259,
        "p50_latency_ms": 0.0,
        "p95_latency_ms": 0.0,
        "p99_latency_ms": 0.0
      },
      "hybrid_mmr": {
        "recall@10": 0.02142857142857143,
        "precision@10": 0.005714285714285714,
        "ndcg@10": 0.02220665306361838,
        "map@10": 0.014285714285714285,
        "coverage@10": 0.002906122448979592,
        "p50_latency_ms": 391.1118507385254,
        "p95_latency_ms": 429.445219039917,
        "p99_latency_ms": 432.9695701599121
      }
    },
    "warm": {
      "als": {
        "recall@10": 0.003561253561253561,
        "precision@10": 0.0025641025641025645,
        "ndcg@10": 0.003803812748273964,
        "map@10": 0.0014584181250847919,
        "coverage@10": 0.00598639455782313,
        "p50_latency_ms": 0.6818771362304688,
        "p95_latency_ms": 5.434179306030265,
        "p99_latency_ms": 8.534336090087896
      },
      "bpr": {
        "recall@10": 0.002136752136752137,
        "precision@10": 0.0017094017094017094,
        "ndcg@10": 0.0032428551636879115,
        "map@10": 0.0014245014245014244,
        "coverage@10": 0.012103401360544217,
        "p50_latency_ms": 0.0,
        "p95_latency_ms": 7.140731811523435,
        "p99_latency_ms": 14.983797073364272
      },
      "popularity": {
        "recall@10": 0.005698005698005697,
        "precision@10": 0.0017094017094017094,
        "ndcg@10": 0.006016393923368672,
        "map@10": 0.0037986704653371318,
        "coverage@10": 0.00014149659863945578,
        "p50_latency_ms": 0.0,
        "p95_latency_ms": 0.0,
        "p99_latency_ms": 0.0
      },
      "hybrid_mmr": {
        "recall@10": 0.005270655270655271,
        "precision@10": 0.003418803418803419,
        "ndcg@10": 0.00487704979843773,
        "map@10": 0.0017924976258309592,
        "coverage@10": 0.0067809523809523806,
        "p50_latency_ms": 422.4672317504883,
        "p95_latency_ms": 521.7201232910156,
        "p99_latency_ms": 563.6372661590577
      }
    },
    "hot": {
      "als": {
        "recall@10": 0.009669798800233586,
        "precision@10": 0.008695652173913047,
        "ndcg@10": 0.009462771866749861,
        "map@10": 0.0030736493779972038,
        "coverage@10": 0.009447619047619048,
        "p50_latency_ms": 0.0,
        "p95_latency_ms": 5.948543548583979,
        "p99_latency_ms": 14.730930328369134
      },
      "bpr": {
        "recall@10": 0.002118171683389075,
        "precision@10": 0.0013377926421404684,
        "ndcg@10": 0.001244302732435144,
        "map@10": 0.0002898550724637681,
        "coverage@10": 0.030585034013605444,
        "p50_latency_ms": 0.6086826324462891,
        "p95_latency_ms": 4.103064537048336,
        "p99_latency_ms": 13.799662590026848
      },
      "popularity": {
        "recall@10": 0.010683760683760686,
        "precision@10": 0.006020066889632108,
        "ndcg@10": 0.009510718679987635,
        "map@10": 0.0038195218630001243,
        "coverage@10": 0.0001741496598639456,
        "p50_latency_ms": 0.0,
        "p95_latency_ms": 0.0,
        "p99_latency_ms": 0.0
      },
      "hybrid_mmr": {
        "recall@10": 0.009154854807028724,
        "precision@10": 0.00836120401337793,
        "ndcg@10": 0.008847816956384983,
        "map@10": 0.002780225678776404,
        "coverage@10": 0.009893877551020409,
        "p50_latency_ms": 429.0168285369873,
        "p95_latency_ms": 1178.74960899353,
        "p99_latency_ms": 1352.1087312698362
      }
    }
  }
}